jurisdiction,age_group,metric,total_fines
ACT,0-16,Mobile Phone Use,17
ACT,0-16,Non-wearing Seatbelts,4
ACT,0-16,Speeding,101
ACT,0-16,Unlicensed Driving,22
ACT,17-25,Mobile Phone Use,3737
ACT,17-25,Non-wearing Seatbelts,45
ACT,17-25,Speeding,18198
ACT,17-25,Unlicensed Driving,174
ACT,26-39,Mobile Phone Use,10973
ACT,26-39,Non-wearing Seatbelts,42
ACT,26-39,Speeding,39696
ACT,26-39,Unlicensed Driving,219
ACT,40-64,Mobile Phone Use,10666
ACT,40-64,Non-wearing Seatbelts,40
ACT,40-64,Speeding,61314
ACT,40-64,Unlicensed Driving,140
ACT,65 and over,Mobile Phone Use,1246
ACT,65 and over,Non-wearing Seatbelts,3
ACT,65 and over,Speeding,18896
ACT,65 and over,Unlicensed Driving,4
NSW,0-16,Mobile Phone Use,35
NSW,0-16,Non-wearing Seatbelts,95
NSW,0-16,Speeding,281
NSW,0-16,Unlicensed Driving,116
NSW,17-25,Mobile Phone Use,9460
NSW,17-25,Non-wearing Seatbelts,4854
NSW,17-25,Speeding,91903
NSW,17-25,Unlicensed Driving,4759
NSW,26-39,Mobile Phone Use,10356
NSW,26-39,Non-wearing Seatbelts,7807
NSW,26-39,Speeding,122972
NSW,26-39,Unlicensed Driving,7464
NSW,40-64,Mobile Phone Use,7342
NSW,40-64,Non-wearing Seatbelts,5307
NSW,40-64,Speeding,122225
NSW,40-64,Unlicensed Driving,4465
NSW,65 and over,Mobile Phone Use,795
NSW,65 and over,Non-wearing Seatbelts,953
NSW,65 and over,Speeding,25088
NSW,65 and over,Unlicensed Driving,410
NT,0-16,Mobile Phone Use,1
NT,0-16,Non-wearing Seatbelts,2
NT,0-16,Speeding,116
NT,0-16,Unlicensed Driving,2
NT,17-25,Mobile Phone Use,86
NT,17-25,Non-wearing Seatbelts,348
NT,17-25,Speeding,11691
NT,17-25,Unlicensed Driving,182
NT,26-39,Mobile Phone Use,202
NT,26-39,Non-wearing Seatbelts,772
NT,26-39,Speeding,30187
NT,26-39,Unlicensed Driving,399
NT,40-64,Mobile Phone Use,142
NT,40-64,Non-wearing Seatbelts,595
NT,40-64,Speeding,37682
NT,40-64,Unlicensed Driving,203
NT,65 and over,Mobile Phone Use,18
NT,65 and over,Non-wearing Seatbelts,56
NT,65 and over,Speeding,8538
NT,65 and over,Unlicensed Driving,11
QLD,0-16,Mobile Phone Use,2104
QLD,0-16,Non-wearing Seatbelts,812
QLD,0-16,Speeding,18147
QLD,0-16,Unlicensed Driving,583
QLD,17-25,Mobile Phone Use,10451
QLD,17-25,Non-wearing Seatbelts,5870
QLD,17-25,Speeding,121629
QLD,17-25,Unlicensed Driving,6966
QLD,26-39,Mobile Phone Use,29198
QLD,26-39,Non-wearing Seatbelts,14890
QLD,26-39,Speeding,237465
QLD,26-39,Unlicensed Driving,10435
QLD,40-64,Mobile Phone Use,29490
QLD,40-64,Non-wearing Seatbelts,14567
QLD,40-64,Speeding,330434
QLD,40-64,Unlicensed Driving,6719
QLD,65 and over,Mobile Phone Use,3789
QLD,65 and over,Non-wearing Seatbelts,3209
QLD,65 and over,Speeding,84968
QLD,65 and over,Unlicensed Driving,428
SA,0-16,Mobile Phone Use,5
SA,0-16,Non-wearing Seatbelts,25
SA,0-16,Speeding,56
SA,0-16,Unlicensed Driving,3
SA,17-25,Mobile Phone Use,2518
SA,17-25,Non-wearing Seatbelts,918
SA,17-25,Speeding,47168
SA,17-25,Unlicensed Driving,1084
SA,26-39,Mobile Phone Use,4039
SA,26-39,Non-wearing Seatbelts,1667
SA,26-39,Speeding,106935
SA,26-39,Unlicensed Driving,3086
SA,40-64,Mobile Phone Use,3266
SA,40-64,Non-wearing Seatbelts,1930
SA,40-64,Speeding,169796
SA,40-64,Unlicensed Driving,2643
SA,65 and over,Mobile Phone Use,497
SA,65 and over,Non-wearing Seatbelts,764
SA,65 and over,Speeding,55799
SA,65 and over,Unlicensed Driving,441
TAS,0-16,Mobile Phone Use,0
TAS,0-16,Non-wearing Seatbelts,2
TAS,0-16,Speeding,26
TAS,0-16,Unlicensed Driving,0
TAS,17-25,Mobile Phone Use,933
TAS,17-25,Non-wearing Seatbelts,855
TAS,17-25,Speeding,19804
TAS,17-25,Unlicensed Driving,79
TAS,26-39,Mobile Phone Use,2137
TAS,26-39,Non-wearing Seatbelts,2033
TAS,26-39,Speeding,42901
TAS,26-39,Unlicensed Driving,218
TAS,40-64,Mobile Phone Use,1862
TAS,40-64,Non-wearing Seatbelts,2236
TAS,40-64,Speeding,56810
TAS,40-64,Unlicensed Driving,179
TAS,65 and over,Mobile Phone Use,311
TAS,65 and over,Non-wearing Seatbelts,1042
TAS,65 and over,Speeding,20436
TAS,65 and over,Unlicensed Driving,10
VIC,0-16,Mobile Phone Use,12
VIC,0-16,Non-wearing Seatbelts,20
VIC,0-16,Speeding,45
VIC,0-16,Unlicensed Driving,111
VIC,17-25,Mobile Phone Use,9132
VIC,17-25,Non-wearing Seatbelts,5787
VIC,17-25,Speeding,169256
VIC,17-25,Unlicensed Driving,3684
VIC,26-39,Mobile Phone Use,30262
VIC,26-39,Non-wearing Seatbelts,19888
VIC,26-39,Speeding,538715
VIC,26-39,Unlicensed Driving,7775
VIC,40-64,Mobile Phone Use,31291
VIC,40-64,Non-wearing Seatbelts,24585
VIC,40-64,Speeding,842915
VIC,40-64,Unlicensed Driving,4358
VIC,65 and over,Mobile Phone Use,4540
VIC,65 and over,Non-wearing Seatbelts,7079
VIC,65 and over,Speeding,253610
VIC,65 and over,Unlicensed Driving,414
WA,0-16,Mobile Phone Use,1
WA,0-16,Non-wearing Seatbelts,2
WA,0-16,Speeding,1187
WA,0-16,Unlicensed Driving,0
WA,17-25,Mobile Phone Use,1510
WA,17-25,Non-wearing Seatbelts,909
WA,17-25,Speeding,153501
WA,17-25,Unlicensed Driving,895
WA,26-39,Mobile Phone Use,3167
WA,26-39,Non-wearing Seatbelts,1517
WA,26-39,Speeding,390677
WA,26-39,Unlicensed Driving,1741
WA,40-64,Mobile Phone Use,2365
WA,40-64,Non-wearing Seatbelts,1071
WA,40-64,Speeding,588767
WA,40-64,Unlicensed Driving,1238
WA,65 and over,Mobile Phone Use,280
WA,65 and over,Non-wearing Seatbelts,215
WA,65 and over,Speeding,145816
WA,65 and over,Unlicensed Driving,155
